{"DownloadManifest":{"Subject":"100307","Version":"1.0.20130214","Includes":[{"Name":"100307_3T_AFI.nii.gz","URI":"100307/unprocessed/3T/T1w_MPR1/100307_3T_AFI.nii.gz","Size":"2591136","Checksum":"9a51713758ed1819ba3a2ceaa359b526"},{"Name":"100307_3T_BIAS_32CH.nii.gz","URI":"100307/unprocessed/3T/T1w_MPR1/100307_3T_BIAS_32CH.nii.gz","Size":"810004","Checksum":"77990edff94dbef35041f49df7ccbbda"},{"Name":"100307_3T_BIAS_BC.nii.gz","URI":"100307/unprocessed/3T/T1w_MPR1/100307_3T_BIAS_BC.nii.gz","Size":"1219822","Checksum":"167c2f6b19d9bc97ca8f1e61de779c4d"},{"Name":"100307_3T_FieldMap_Magnitude.nii.gz","URI":"100307/unprocessed/3T/T1w_MPR1/100307_3T_FieldMap_Magnitude.nii.gz","Size":"1560251","Checksum":"78fea3802f875bd99bc5407e47cc1ff0"},{"Name":"100307_3T_FieldMap_Phase.nii.gz","URI":"100307/unprocessed/3T/T1w_MPR1/100307_3T_FieldMap_Phase.nii.gz","Size":"1080990","Checksum":"3e221b4f9720eba5214d39d14c9e5625"},{"Name":"100307_3T_T1w_MPR1.nii.gz","URI":"100307/unprocessed/3T/T1w_MPR1/100307_3T_T1w_MPR1.nii.gz","Size":"32150559","Checksum":"a5901cce3f3d574b9830962e4b1b4c0b"},{"Name":"100307_3T_AFI.nii.gz","URI":"100307/unprocessed/3T/T2w_SPC1/100307_3T_AFI.nii.gz","Size":"2591136","Checksum":"9a51713758ed1819ba3a2ceaa359b526"},{"Name":"100307_3T_BIAS_32CH.nii.gz","URI":"100307/unprocessed/3T/T2w_SPC1/100307_3T_BIAS_32CH.nii.gz","Size":"810004","Checksum":"77990edff94dbef35041f49df7ccbbda"},{"Name":"100307_3T_BIAS_BC.nii.gz","URI":"100307/unprocessed/3T/T2w_SPC1/100307_3T_BIAS_BC.nii.gz","Size":"1219822","Checksum":"167c2f6b19d9bc97ca8f1e61de779c4d"},{"Name":"100307_3T_FieldMap_Magnitude.nii.gz","URI":"100307/unprocessed/3T/T2w_SPC1/100307_3T_FieldMap_Magnitude.nii.gz","Size":"1560251","Checksum":"78fea3802f875bd99bc5407e47cc1ff0"},{"Name":"100307_3T_FieldMap_Phase.nii.gz","URI":"100307/unprocessed/3T/T2w_SPC1/100307_3T_FieldMap_Phase.nii.gz","Size":"1080990","Checksum":"3e221b4f9720eba5214d39d14c9e5625"},{"Name":"100307_3T_T2w_SPC1.nii.gz","URI":"100307/unprocessed/3T/T2w_SPC1/100307_3T_T2w_SPC1.nii.gz","Size":"27656094","Checksum":"a38237eeada5c03816a7caf8703dcd54"}]}}