{"DownloadManifest":{"Subject":"100206","Version":"1.0.20130214","Includes":[{"Name":"100206_3T_AFI.nii.gz","URI":"100206/unprocessed/3T/T1w_MPR1/100206_3T_AFI.nii.gz","Size":"3016749","Checksum":"64364d53b5f415e7f06ebfbe5bccfe5e"},{"Name":"100206_3T_BIAS_32CH.nii.gz","URI":"100206/unprocessed/3T/T1w_MPR1/100206_3T_BIAS_32CH.nii.gz","Size":"962572","Checksum":"9432d12b1581f220c8b7595326464df9"},{"Name":"100206_3T_BIAS_BC.nii.gz","URI":"100206/unprocessed/3T/T1w_MPR1/100206_3T_BIAS_BC.nii.gz","Size":"1285750","Checksum":"4bf629ff1d024403be58eed0ad68a077"},{"Name":"100206_3T_FieldMap_Magnitude.nii.gz","URI":"100206/unprocessed/3T/T1w_MPR1/100206_3T_FieldMap_Magnitude.nii.gz","Size":"1739360","Checksum":"f33d1ad9e369d8c908feb6d29a4dec9f"},{"Name":"100206_3T_FieldMap_Phase.nii.gz","URI":"100206/unprocessed/3T/T1w_MPR1/100206_3T_FieldMap_Phase.nii.gz","Size":"1053699","Checksum":"febe91ec751b8cb432d16f6a39e640eb"},{"Name":"100206_3T_T1w_MPR1.nii.gz","URI":"100206/unprocessed/3T/T1w_MPR1/100206_3T_T1w_MPR1.nii.gz","Size":"34150210","Checksum":"0c30dcd89ecfd5dd546f8ccc1989f2ab"},{"Name":"100206_3T_AFI.nii.gz","URI":"100206/unprocessed/3T/T2w_SPC1/100206_3T_AFI.nii.gz","Size":"3016749","Checksum":"64364d53b5f415e7f06ebfbe5bccfe5e"},{"Name":"100206_3T_BIAS_32CH.nii.gz","URI":"100206/unprocessed/3T/T2w_SPC1/100206_3T_BIAS_32CH.nii.gz","Size":"962572","Checksum":"9432d12b1581f220c8b7595326464df9"},{"Name":"100206_3T_BIAS_BC.nii.gz","URI":"100206/unprocessed/3T/T2w_SPC1/100206_3T_BIAS_BC.nii.gz","Size":"1285750","Checksum":"4bf629ff1d024403be58eed0ad68a077"},{"Name":"100206_3T_FieldMap_Magnitude.nii.gz","URI":"100206/unprocessed/3T/T2w_SPC1/100206_3T_FieldMap_Magnitude.nii.gz","Size":"1739360","Checksum":"f33d1ad9e369d8c908feb6d29a4dec9f"},{"Name":"100206_3T_FieldMap_Phase.nii.gz","URI":"100206/unprocessed/3T/T2w_SPC1/100206_3T_FieldMap_Phase.nii.gz","Size":"1053699","Checksum":"febe91ec751b8cb432d16f6a39e640eb"},{"Name":"100206_3T_T2w_SPC1.nii.gz","URI":"100206/unprocessed/3T/T2w_SPC1/100206_3T_T2w_SPC1.nii.gz","Size":"29975054","Checksum":"97185fb3b85ecab7731d7b02d6c65f7c"}]}}