Session Day,Acquisition Time,Session,Scan Number,Scan Type,Scan Description,Shim Group,BiasField group,SE_FieldMap group,GE_FieldMap group,PE Direction,Readout Direction,E-Prime Script,Scan Order,Scan Complete,Percent Complete,Percent Pair Complete
Day 1,17:06:07,1,101,Bias_Receive,BIAS_BC,A,1,,,,,,,,,
Day 1,17:06:33,1,102,Bias_Receive,BIAS_32CH,A,1,,,,,,,,,
Day 1,17:08:33,1,103,T1w,T1w_MPR1,B,1,,1,,'+z,,,,,
Day 1,17:35:35,1,106,T2w,T2w_SPC1,B,1,,1,,'+z,,,,,
Day 1,17:44:24,1,107,FieldMap,FieldMap_Magnitude,B,1,,1,,,,,,,
Day 1,17:44:25,1,108,FieldMap,FieldMap_Phase,B,1,,1,,,,,,,
Day 1,17:46:40,1,109,Bias_Transmit,AFI,B,1,,,,,,,,,
Day 1,18:20:38,2,201,Bias_Receive,BIAS_BC,A,2,,,,,,,,,
Day 1,18:21:04,2,202,Bias_Receive,BIAS_32CH,A,2,,,,,,,,,
Day 1,18:22:18,2,203,FieldMap_SE_EPI,SpinEchoFieldMap_RL,C,2,1,,'+x,,,,,,
Day 1,18:22:49,2,204,FieldMap_SE_EPI,SpinEchoFieldMap_LR,C,2,1,,'-x,,,,,,
Day 1,18:23:35,2,205,rfMRI_SBRef,rfMRI_REST1_RL_SBRef,C,2,1,,'+x,,,,,,
Day 1,18:23:35,2,206,rfMRI,rfMRI_REST1_RL,C,2,1,,'+x,,,1,Y,100.0,100.0
Day 1,18:38:38,2,207,rfMRI_SBRef,rfMRI_REST1_LR_SBRef,C,2,1,,'-x,,,,,,
Day 1,18:38:38,2,208,rfMRI,rfMRI_REST1_LR,C,2,1,,'-x,,,2,Y,100.0,100.0
Day 1,18:56:43,2,211,FieldMap_SE_EPI,SpinEchoFieldMap_RL,C,2,2,,'+x,,,,,,
Day 1,18:57:15,2,212,FieldMap_SE_EPI,SpinEchoFieldMap_LR,C,2,2,,'-x,,,,,,
Day 1,18:58:07,2,213,tfMRI_SBRef,tfMRI_WM_RL_SBRef,C,2,2,,'+x,,1,,,,
Day 1,18:58:07,2,214,tfMRI,tfMRI_WM_RL,C,2,2,,'+x,,1,1,Y,100.0,100.0
Day 1,19:03:46,2,215,tfMRI_SBRef,tfMRI_WM_LR_SBRef,C,2,2,,'-x,,2,,,,
Day 1,19:03:46,2,216,tfMRI,tfMRI_WM_LR,C,2,2,,'-x,,2,2,Y,100.0,100.0
Day 1,19:09:56,2,217,tfMRI_SBRef,tfMRI_GAMBLING_RL_SBRef,C,2,2,,'+x,,1,,,,
Day 1,19:09:56,2,218,tfMRI,tfMRI_GAMBLING_RL,C,2,2,,'+x,,1,1,Y,100.0,100.0
Day 1,19:13:58,2,219,tfMRI_SBRef,tfMRI_GAMBLING_LR_SBRef,C,2,2,,'-x,,2,,,,
Day 1,19:13:58,2,220,tfMRI,tfMRI_GAMBLING_LR,C,2,2,,'-x,,2,2,Y,100.0,100.0
Day 1,19:18:28,2,221,tfMRI_SBRef,tfMRI_MOTOR_RL_SBRef,C,2,2,,'+x,,1,,,,
Day 1,19:18:28,2,222,tfMRI,tfMRI_MOTOR_RL,C,2,2,,'+x,,1,1,Y,100.0,100.0
Day 1,19:22:59,2,223,tfMRI_SBRef,tfMRI_MOTOR_LR_SBRef,C,2,2,,'-x,,2,,,,
Day 1,19:22:59,2,224,tfMRI,tfMRI_MOTOR_LR,C,2,2,,'-x,,2,2,Y,100.0,100.0
Day 2,14:01:40,3,301,Bias_Receive,BIAS_BC,A,3,,,,,,,,,
Day 2,14:02:10,3,302,Bias_Receive,BIAS_32CH,A,3,,,,,,,,,
Day 2,14:03:56,3,303,dMRI_SBRef,DWI_dir95_RL_SBRef,D,3,,,'+x,,,,,,
Day 2,14:03:56,3,304,dMRI,DWI_dir95_RL,D,3,,,'+x,,,1,Y,100.0,100.0
Day 2,14:14:04,3,305,dMRI_SBRef,DWI_dir95_LR_SBRef,D,3,,,'-x,,,,,,
Day 2,14:14:04,3,306,dMRI,DWI_dir95_LR,D,3,,,'-x,,,2,Y,100.0,100.0
Day 2,14:24:09,3,307,dMRI_SBRef,DWI_dir96_RL_SBRef,D,3,,,'+x,,,,,,
Day 2,14:24:09,3,308,dMRI,DWI_dir96_RL,D,3,,,'+x,,,3,Y,100.0,100.0
Day 2,14:34:44,3,309,dMRI_SBRef,DWI_dir96_LR_SBRef,D,3,,,'-x,,,,,,
Day 2,14:34:44,3,310,dMRI,DWI_dir96_LR,D,3,,,'-x,,,4,Y,100.0,100.0
Day 2,14:45:14,3,311,dMRI_SBRef,DWI_dir97_RL_SBRef,D,3,,,'+x,,,,,,
Day 2,14:45:14,3,312,dMRI,DWI_dir97_RL,D,3,,,'+x,,,5,Y,100.0,100.0
Day 2,14:55:33,3,313,dMRI_SBRef,DWI_dir97_LR_SBRef,D,3,,,'-x,,,,,,
Day 2,14:55:33,3,314,dMRI,DWI_dir97_LR,D,3,,,'-x,,,6,Y,100.0,100.0
Day 2,16:48:33,4,401,Bias_Receive,BIAS_BC,A,4,,,,,,,,,
Day 2,16:49:00,4,402,Bias_Receive,BIAS_32CH,A,4,,,,,,,,,
Day 2,16:50:11,4,403,FieldMap_SE_EPI,SpinEchoFieldMap_RL,E,4,3,,'+x,,,,,,
Day 2,16:50:43,4,404,FieldMap_SE_EPI,SpinEchoFieldMap_LR,E,4,3,,'-x,,,,,,
Day 2,16:51:33,4,405,rfMRI_SBRef,rfMRI_REST2_LR_SBRef,E,4,3,,'-x,,,,,,
Day 2,16:51:33,4,406,rfMRI,rfMRI_REST2_LR,E,4,3,,'-x,,,1,Y,100.0,100.0
Day 2,17:06:48,4,407,rfMRI_SBRef,rfMRI_REST2_RL_SBRef,E,4,3,,'+x,,,,,,
Day 2,17:06:48,4,408,rfMRI,rfMRI_REST2_RL,E,4,3,,'+x,,,2,Y,100.0,100.0
Day 2,17:25:02,4,411,FieldMap_SE_EPI,SpinEchoFieldMap_RL,E,4,4,,'+x,,,,,,
Day 2,17:25:38,4,412,FieldMap_SE_EPI,SpinEchoFieldMap_LR,E,4,4,,'-x,,,,,,
Day 2,17:26:31,4,413,tfMRI_SBRef,tfMRI_LANGUAGE_RL_SBRef,E,4,4,,'+x,,1,,,,
Day 2,17:26:31,4,414,tfMRI,tfMRI_LANGUAGE_RL,E,4,4,,'+x,,1,1,Y,100.0,100.0
Day 2,17:31:07,4,415,tfMRI_SBRef,tfMRI_LANGUAGE_LR_SBRef,E,4,4,,'-x,,2,,,,
Day 2,17:31:07,4,416,tfMRI,tfMRI_LANGUAGE_LR,E,4,4,,'-x,,2,2,Y,100.0,100.0
Day 2,17:36:23,4,417,tfMRI_SBRef,tfMRI_SOCIAL_RL_SBRef,E,4,4,,'+x,,1,,,,
Day 2,17:36:23,4,418,tfMRI,tfMRI_SOCIAL_RL,E,4,4,,'+x,,1,1,Y,100.0,100.0
Day 2,17:40:33,4,419,tfMRI_SBRef,tfMRI_SOCIAL_LR_SBRef,E,4,4,,'-x,,2,,,,
Day 2,17:40:33,4,420,tfMRI,tfMRI_SOCIAL_LR,E,4,4,,'-x,,2,2,Y,100.0,100.0
Day 2,17:47:18,4,421,tfMRI_SBRef,tfMRI_RELATIONAL_RL_SBRef,E,4,4,,'+x,,1,,,,
Day 2,17:47:18,4,422,tfMRI,tfMRI_RELATIONAL_RL,E,4,4,,'+x,,1,1,Y,100.0,100.0
Day 2,17:50:41,4,423,tfMRI_SBRef,tfMRI_RELATIONAL_LR_SBRef,E,4,4,,'-x,,2,,,,
Day 2,17:50:41,4,424,tfMRI,tfMRI_RELATIONAL_LR,E,4,4,,'-x,,2,2,Y,100.0,100.0
Day 2,17:54:24,4,425,tfMRI_SBRef,tfMRI_EMOTION_RL_SBRef,E,4,4,,'+x,,1,,,,
Day 2,17:54:24,4,426,tfMRI,tfMRI_EMOTION_RL,E,4,4,,'+x,,1,1,Y,100.0,100.0
Day 2,17:57:13,4,427,tfMRI_SBRef,tfMRI_EMOTION_LR_SBRef,E,4,4,,'-x,,2,,,,
Day 2,17:57:13,4,428,tfMRI,tfMRI_EMOTION_LR,E,4,4,,'-x,,2,2,Y,100.0,100.0
